name,iban
John Doe,DE1234567890
Alice Smith,DE0987654321
Robert Johnson,DE1029384756
Emily Davis,DE6473829101
Sarah Williams,DE7462839201
William Brown,DE9374628391
David Jones,DE2837468292
Michael Miller,DE3829104837
Mary Wilson,DE4756382910
Linda Johnson,DE1938274650
Patricia Lee,DE3847563928
Barbara Harris,DE3847561038
Thomas Clark,DE1093847564
Jennifer Lewis,DE4756103948
Charles Nelson,DE2938475649
Daniel Hall,DE2938471093
Matthew Allen,DE3847501928
Joseph Young,DE1938475640
Christopher King,DE4756382919
Andrew Wright,DE2948103947
Anthony Scott,DE1094756475
Paul Green,DE4756193827
Mark Adams,DE2938475641
Donald Baker,DE1093847562
Kenneth Carter,DE1938475642
Steven Gonzalez,DE2938103940
Edward Foster,DE1938475643
Brian Diaz,DE1093847560
Ronald Alexander,DE1938475644
Jeffrey Russell,DE3847569382
Timothy Griffin,DE2938475645
Jason Hayes,DE4756103940
Frank Ramirez,DE4756382918
Scott James,DE2948103946
Eric Reed,DE4756103941
Stephen Rogers,DE4756382917
Larry Sanders,DE2948103945
Justin Bennett,DE4756103942
Walter Perry,DE4756382916
Patrick Murphy,DE2948103944
Peter Powell,DE4756103943
